date,open,high,low,close,volume,amount,pct
2024-09-06,5.42,5.44,5.35,5.35,2310923.0,12455874.97,0.0
2024-09-09,5.32,5.37,5.28,5.36,2694312.0,14367418.74,0.19
2024-09-10,5.35,5.4,5.26,5.35,2438201.0,13019993.34,-0.19
2024-09-11,5.34,5.35,5.23,5.27,2848110.0,15087862.72,-1.5
2024-09-12,5.26,5.31,5.23,5.24,2606100.0,13708086.0,-0.57
2024-09-13,5.24,5.26,5.17,5.19,2698500.0,14072677.5,-0.95
2024-09-18,5.19,5.22,5.12,5.19,3632100.0,18814278.0,0.0
2024-09-19,5.21,5.36,5.19,5.36,4749809.0,25078991.52,3.28
2024-09-20,5.35,5.37,5.28,5.34,2684200.0,14320207.0,-0.37
2024-09-23,5.34,5.35,5.3,5.33,2159200.0,11508536.0,-0.19
2024-09-24,5.35,5.53,5.35,5.52,7237901.0,39356086.69,3.56
2024-09-25,5.6,5.8,5.6,5.69,10843700.0,61510888.25,3.08
2024-09-26,5.68,5.92,5.68,5.92,7735300.0,44864740.0,4.04
2024-09-27,5.97,6.11,5.94,6.09,12825597.0,77306285.92,2.87
2024-09-30,6.21,6.61,6.18,6.54,26434811.0,168786268.23,7.39
2024-10-08,7.18,7.18,6.5,6.8,30968721.0,214148705.72,3.98
2024-10-09,6.66,6.67,6.21,6.28,21024917.0,135715839.24,-7.65
2024-10-10,6.3,6.39,6.18,6.28,11484117.0,72206385.64,0.0
2024-10-11,6.3,6.31,6.06,6.12,11929999.0,73936168.8,-2.55
2024-10-14,6.13,6.23,6.09,6.19,8005975.0,49316806.0,1.14
2024-10-15,6.16,6.2,6.11,6.11,6209100.0,38154919.5,-1.29
2024-10-16,6.07,6.19,6.06,6.14,6067901.0,37105214.62,0.49
2024-10-17,6.14,6.21,6.06,6.09,6158101.0,37718368.62,-0.81
2024-10-18,6.08,6.23,6.05,6.17,7607323.0,46651908.3,1.31
2024-10-21,6.17,6.18,6.08,6.12,8806227.0,54048218.21,-0.81
2024-10-22,6.11,6.16,6.09,6.15,5099177.0,31245207.07,0.49
2024-10-23,6.17,6.23,6.14,6.18,6622053.0,40924287.54,0.49
2024-10-24,6.18,6.54,6.16,6.36,20670885.0,130433284.35,2.91
2024-10-25,6.32,6.43,6.3,6.37,10229700.0,65009743.5,0.16
2024-10-28,6.38,6.51,6.36,6.51,11777104.0,75844549.76,2.2
2024-10-29,6.5,6.51,6.32,6.32,10323800.0,66201367.5,-2.92
2024-10-30,6.29,6.39,6.27,6.33,4998665.0,31591562.8,0.16
2024-10-31,6.31,6.5,6.31,6.4,8180204.0,52189701.52,1.11
2024-11-01,6.4,6.44,6.28,6.3,8950604.0,56881088.42,-1.56
2024-11-04,6.31,6.43,6.29,6.42,7964872.0,50676498.1,1.9
2024-11-05,6.41,6.49,6.4,6.48,8861076.0,57109634.82,0.93
2024-11-06,6.5,6.55,6.45,6.48,9699663.0,62999311.19,0.0
2024-11-07,6.46,6.62,6.44,6.62,11447666.0,74810497.31,2.16
2024-11-08,6.6,6.6,6.45,6.49,10315832.0,67413962.12,-1.96
2024-11-11,6.47,6.52,6.44,6.5,6550976.0,42466701.92,0.15
2024-11-12,6.53,6.63,6.49,6.52,10756176.0,70372281.48,0.31
2024-11-13,6.51,6.58,6.4,6.49,8588405.0,55781690.47,-0.46
2024-11-14,6.47,6.49,6.33,6.37,7736365.0,49628781.47,-1.85
2024-11-15,6.34,6.44,6.33,6.33,6089400.0,38728584.0,-0.63
2024-11-18,6.45,6.74,6.45,6.56,21750644.0,142466718.2,3.63
2024-11-19,6.56,6.71,6.49,6.63,15866997.0,104682512.71,1.07
2024-11-20,6.62,6.68,6.54,6.66,12601800.0,83486925.0,0.45
2024-11-21,6.64,6.66,6.55,6.62,9642701.0,63810573.87,-0.6
2024-11-22,6.59,6.66,6.43,6.45,10775100.0,70388340.75,-2.57
2024-11-25,6.46,6.59,6.46,6.56,8486400.0,55310112.0,1.71
2024-11-26,6.54,6.63,6.53,6.56,7045448.0,46253366.12,0.0
2024-11-27,6.54,6.67,6.43,6.67,10492401.0,69013767.58,1.68
2024-11-28,6.66,6.74,6.63,6.65,9217401.0,61480064.67,-0.3
2024-11-29,6.63,6.79,6.63,6.78,11533500.0,77360951.25,1.95
2024-12-02,6.8,6.91,6.78,6.89,11224434.0,76831250.73,1.62
2024-12-03,6.9,6.99,6.83,6.88,9938312.0,68574352.8,-0.15
2024-12-04,6.85,6.86,6.72,6.74,9434036.0,64080689.53,-2.03
2024-12-05,6.72,6.84,6.7,6.81,8229100.0,55690434.25,1.04
2024-12-06,6.8,6.91,6.76,6.9,7425500.0,50808983.75,1.32
2024-12-09,6.9,6.95,6.83,6.91,8534335.0,58865575.66,0.14
2024-12-10,7.02,7.07,6.82,6.84,12690100.0,88037568.75,-1.01
2024-12-11,6.8,6.95,6.8,6.91,9663586.0,66340517.89,1.02
2024-12-12,6.92,7.13,6.91,7.13,17252504.0,121155709.34,3.18
2024-12-13,7.1,7.1,6.97,6.97,10612153.0,74656496.36,-2.24
2024-12-16,7.01,7.07,6.94,6.97,8703283.0,60901222.79,0.0
2024-12-17,6.99,7.0,6.69,6.72,12915200.0,88469120.0,-3.59
2024-12-18,6.73,6.84,6.68,6.71,10453786.0,70458517.64,-0.15
2024-12-19,6.63,6.66,6.52,6.65,8444886.0,55862920.89,-0.89
2024-12-20,6.66,6.74,6.61,6.65,6659001.0,44382241.66,0.0
2024-12-23,6.65,6.67,6.45,6.48,10128401.0,66467631.56,-2.56
2024-12-24,6.5,6.64,6.46,6.63,7973877.0,52288698.43,2.31
2024-12-25,6.6,6.63,6.47,6.55,6629009.0,43502871.56,-1.21
2024-12-26,6.55,6.61,6.47,6.49,6045301.0,39475815.53,-0.92
2024-12-27,6.5,6.61,6.47,6.59,5817500.0,38060993.75,1.54
2024-12-30,6.57,6.6,6.51,6.56,4212700.0,27635312.0,-0.46
2024-12-31,6.59,6.69,6.51,6.52,7432250.0,48885624.38,-0.61
2025-01-02,6.51,6.69,6.42,6.46,9982517.0,65086010.84,-0.92
2025-01-03,6.5,6.52,6.23,6.25,8309800.0,52974975.0,-3.25
2025-01-06,6.25,6.42,6.12,6.35,7565900.0,47551681.5,1.6
2025-01-07,6.35,6.4,6.27,6.35,4893620.0,31037784.85,0.0
2025-01-08,6.34,6.39,6.2,6.36,5984801.0,37838904.32,0.16
2025-01-09,6.33,6.33,6.23,6.24,4863800.0,30556823.5,-1.89
2025-01-10,6.26,6.26,6.08,6.08,5651180.0,34867780.6,-2.56
2025-01-13,6.05,6.05,5.94,5.98,4702300.0,28237311.5,-1.64
2025-01-14,5.99,6.12,5.99,6.12,5643609.0,34172052.49,2.34
2025-01-15,6.12,6.21,6.09,6.19,5204209.0,32018895.87,1.14
2025-01-16,6.22,6.34,6.2,6.3,5838200.0,36576323.0,1.78
2025-01-17,6.31,6.31,6.2,6.27,3144109.0,19721423.7,-0.48
2025-01-20,6.32,6.34,6.24,6.32,4261263.0,26867263.21,0.8
2025-01-21,6.33,6.35,6.21,6.23,3482900.0,21872612.0,-1.42
2025-01-22,6.21,6.23,6.13,6.17,4156764.0,25709585.34,-0.96
2025-01-23,6.2,6.31,6.2,6.24,5257030.0,32790724.62,1.13
2025-01-24,6.23,6.28,6.19,6.26,4535100.0,28299024.0,0.32
2025-01-27,6.29,6.46,6.27,6.37,5820346.0,36944646.23,1.76
2025-02-05,6.37,6.43,6.21,6.25,7063280.0,44604613.2,-1.88
2025-02-06,6.24,6.29,6.22,6.28,6241193.0,39054265.2,0.48
2025-02-07,6.29,6.35,6.25,6.32,6222501.0,39217312.55,0.64
2025-02-10,6.3,6.38,6.3,6.31,5270612.0,33323444.37,-0.16
2025-02-11,6.33,6.35,6.28,6.33,5047431.0,31912382.5,0.32
2025-02-12,6.33,6.34,6.23,6.31,4336196.0,27328875.29,-0.32
2025-02-13,6.3,6.32,6.26,6.27,3921196.0,24654519.85,-0.63
2025-02-14,6.26,6.29,6.22,6.24,4658400.0,29126646.0,-0.48
2025-02-17,6.24,6.33,6.24,6.33,7351100.0,46201663.5,1.44
2025-02-18,6.3,6.4,6.18,6.23,7268711.0,45629333.3,-1.58
2025-02-19,6.21,6.25,6.15,6.17,7628700.0,47259796.5,-0.96
2025-02-20,6.18,6.2,6.14,6.18,4513951.0,27873647.43,0.16
2025-02-21,6.18,6.21,6.13,6.17,4818648.0,29743104.78,-0.16
2025-02-24,6.17,6.28,6.15,6.18,9142449.0,56637471.55,0.16
2025-02-25,6.18,6.18,6.03,6.05,11537916.0,70496666.76,-2.1
2025-02-26,6.06,6.13,6.03,6.07,12554748.0,76238707.23,0.33
2025-02-27,6.06,6.1,6.0,6.06,11518274.0,69743149.07,-0.16
2025-02-28,6.05,6.08,5.93,5.96,12402400.0,74476412.0,-1.65
2025-03-03,5.99,6.02,5.93,5.96,10883652.0,65029820.7,0.0
2025-03-04,5.94,6.0,5.92,5.98,6505195.0,38770962.2,0.34
2025-03-05,5.98,6.1,5.9,6.03,11869259.0,71245227.15,0.84
2025-03-06,6.0,6.03,5.97,6.02,9912934.0,59527168.67,-0.17
2025-03-07,6.0,6.05,5.99,6.03,9205506.0,55394132.36,0.17
2025-03-10,6.03,6.05,6.01,6.04,6301808.0,38015656.76,0.17
2025-03-11,6.02,6.08,5.99,6.08,6387500.0,38596468.75,0.66
2025-03-12,6.07,6.1,6.03,6.06,5483450.0,33257124.25,-0.33
2025-03-13,6.07,6.08,6.02,6.08,7447900.0,45152893.75,0.33
2025-03-14,6.06,6.14,6.06,6.12,9284184.0,56587101.48,0.66
2025-03-17,6.13,6.17,6.12,6.16,6049844.0,37176291.38,0.65
2025-03-18,6.17,6.2,6.12,6.19,7394701.0,45625305.17,0.49
2025-03-19,6.18,6.2,6.16,6.2,5341898.0,33039639.13,0.16
2025-03-20,6.2,6.23,6.17,6.18,4664976.0,28899526.32,-0.32
2025-03-21,6.19,6.22,6.12,6.15,6847764.0,42250703.88,-0.49
2025-03-24,6.16,6.21,6.07,6.15,8014700.0,49270368.25,0.0
2025-03-25,6.13,6.2,6.11,6.2,7856317.0,48394912.72,0.81
2025-03-26,6.21,6.24,6.17,6.22,7311200.0,45402552.0,0.32
2025-03-27,6.22,6.26,6.17,6.19,7354510.0,45671507.1,-0.48
2025-03-28,6.17,6.2,6.1,6.13,6533711.0,40182322.65,-0.97
2025-03-31,6.12,6.18,6.04,6.06,7842040.0,47836444.0,-1.14
2025-04-01,6.08,6.16,6.06,6.14,7431175.0,45404479.25,1.32
2025-04-02,6.12,6.2,6.09,6.2,6092837.0,37486179.64,0.98
2025-04-03,6.15,6.23,6.13,6.19,5745591.0,35479024.42,-0.16
2025-04-07,5.95,5.95,5.57,5.57,11406100.0,65699136.0,-10.02
2025-04-08,5.52,5.56,5.36,5.44,12489373.0,68316870.31,-2.33
2025-04-09,5.39,5.49,5.21,5.47,10781169.0,58110500.91,0.55
2025-04-10,5.8,5.94,5.79,5.8,18583521.0,108388386.23,6.03
2025-04-11,5.84,5.99,5.83,5.84,16586862.0,97447814.25,0.69
2025-04-14,5.86,5.98,5.85,5.94,9612224.0,56784213.28,1.71
2025-04-15,5.93,6.0,5.89,5.98,6344187.0,37747912.65,0.67
2025-04-16,5.95,5.98,5.84,5.93,7069800.0,41888565.0,-0.84
2025-04-17,5.92,6.08,5.91,6.02,6717600.0,40188042.0,1.52
2025-04-18,6.0,6.05,5.9,5.92,6194242.0,36964139.13,-1.66
2025-04-21,5.93,5.94,5.87,5.92,5762100.0,34082821.5,0.0
2025-04-22,5.93,6.02,5.92,6.01,5006950.0,29891491.5,1.52
2025-04-23,6.06,6.07,6.0,6.04,4544480.0,27460020.4,0.5
2025-04-24,6.02,6.13,6.02,6.09,5645556.0,34240297.14,0.83
2025-04-25,6.07,6.24,6.07,6.23,8177092.0,50309558.53,2.3
2025-04-28,6.23,6.28,6.17,6.2,7322011.0,45542908.42,-0.48
2025-04-29,6.21,6.22,6.1,6.17,7071601.0,43667136.17,-0.48
2025-04-30,6.21,6.28,6.15,6.17,10052062.0,62347914.56,0.0
2025-05-06,6.2,6.25,6.13,6.18,12989487.0,80404924.53,0.16
2025-05-07,6.23,6.32,6.2,6.31,13410251.0,84015222.52,2.1
2025-05-08,6.33,6.33,6.22,6.24,10203701.0,64079242.28,-1.11
2025-05-09,6.25,6.4,6.25,6.34,14968440.0,94450856.4,1.6
2025-05-12,6.45,6.66,6.36,6.42,20186423.0,130656622.87,1.26
2025-05-13,6.54,6.65,6.39,6.4,20692562.0,134398190.19,-0.31
2025-05-14,6.43,6.45,6.27,6.36,13644007.0,87014654.64,-0.63
2025-05-15,6.36,6.5,6.35,6.41,11925200.0,76380906.0,0.79
2025-05-16,6.38,6.45,6.32,6.38,9686000.0,61820895.0,-0.47
2025-05-19,6.37,6.42,6.34,6.39,7524100.0,48003758.0,0.16
2025-05-20,6.4,6.44,6.36,6.42,7125530.0,45639019.65,0.47
2025-05-21,6.43,6.46,6.37,6.43,6446852.0,41404906.97,0.16
2025-05-22,6.42,6.44,6.33,6.37,6304830.0,40287863.7,-0.93
2025-05-23,6.36,6.4,6.29,6.29,5449400.0,34521949.0,-1.26
2025-05-26,6.28,6.31,6.22,6.29,6019100.0,37769852.5,0.0
2025-05-27,6.28,6.36,6.24,6.35,6326701.0,39905666.56,0.95
2025-05-28,6.33,6.39,6.31,6.36,4835900.0,30695875.25,0.16
2025-05-29,6.36,6.37,6.31,6.32,6816600.0,43217244.0,-0.63
2025-05-30,6.31,6.38,6.29,6.31,7594900.0,48018755.25,-0.16
2025-06-03,6.28,6.42,6.24,6.39,9258120.0,58627044.9,1.27
2025-06-04,6.4,6.49,6.39,6.49,7082400.0,45628362.0,1.56
2025-06-05,6.48,6.53,6.36,6.36,7568900.0,48686949.25,-2.0
2025-06-06,6.39,6.42,6.35,6.41,6826101.0,43635850.64,0.79
2025-06-09,6.39,6.44,6.38,6.44,6967000.0,44675887.5,0.47
2025-06-10,6.44,6.48,6.4,6.46,8330353.0,53689125.09,0.31
2025-06-11,6.45,6.53,6.42,6.51,6459259.0,41839850.17,0.77
2025-06-12,6.51,6.52,6.43,6.49,6036700.0,39163091.25,-0.31
2025-06-13,6.46,6.49,6.38,6.39,6279304.0,40375924.72,-1.54
2025-06-16,6.39,6.47,6.36,6.39,7118500.0,45576196.25,0.0
2025-06-17,6.42,6.45,6.36,6.39,5076935.0,32517768.67,0.0
2025-06-18,6.36,6.41,6.29,6.3,5268700.0,33403558.0,-1.41
2025-06-19,6.29,6.32,6.14,6.17,9398342.0,58551670.66,-2.06
2025-06-20,6.1,6.11,6.02,6.05,6587458.0,39985870.06,-1.94
2025-06-23,6.06,6.11,6.0,6.09,5361535.0,32517709.77,0.66
2025-06-24,6.1,6.24,6.09,6.21,6181561.0,38078415.76,1.97
2025-06-25,6.21,6.28,6.19,6.27,6179742.0,38546140.73,0.97
2025-06-26,6.3,6.33,6.25,6.26,5169720.0,32491690.2,-0.16
2025-06-27,6.26,6.34,6.26,6.31,6053200.0,38089761.0,0.8
2025-06-30,6.33,6.38,6.3,6.34,6394111.0,40522678.46,0.48
2025-07-01,6.33,6.39,6.33,6.39,7034800.0,44741328.0,0.79
2025-07-02,6.38,6.41,6.35,6.39,8469000.0,54053392.5,0.0
2025-07-03,6.43,6.55,6.42,6.48,14438721.0,93418524.87,1.41
2025-07-04,6.47,6.5,6.41,6.46,10048983.0,64916430.18,-0.31
2025-07-07,6.46,6.51,6.44,6.5,8116950.0,52577543.62,0.62
2025-07-08,6.5,6.57,6.5,6.56,8921006.0,58276471.7,0.92
2025-07-09,6.54,6.62,6.53,6.59,8899209.0,58467803.13,0.46
2025-07-10,6.58,6.66,6.57,6.65,8065351.0,53352296.87,0.91
2025-07-11,6.65,6.71,6.63,6.64,12854100.0,85576170.75,-0.15
2025-07-14,6.63,6.79,6.63,6.77,12374301.0,82969688.2,1.96
2025-07-15,6.86,6.94,6.81,6.93,25141687.0,173100515.0,2.36
2025-07-16,6.91,6.99,6.87,6.88,18466804.0,127651782.65,-0.72
2025-07-17,6.89,6.93,6.84,6.89,12912141.0,88932371.14,0.15
2025-07-18,6.88,6.92,6.81,6.89,9024109.0,62040749.37,0.0
2025-07-21,6.88,7.0,6.88,6.94,10816247.0,74902510.47,0.73
2025-07-22,6.98,6.99,6.87,6.97,9697640.0,67422842.1,0.43
2025-07-23,6.97,7.0,6.93,6.94,8769500.0,61035720.0,-0.43
2025-07-24,6.96,6.99,6.91,6.95,11221399.0,78016776.55,0.14
2025-07-25,6.94,7.02,6.91,6.98,8403790.0,58511387.88,0.43
2025-07-28,7.0,7.01,6.93,6.97,7844700.0,54736394.25,-0.14
2025-07-29,6.97,6.97,6.8,6.86,11100811.0,76595595.9,-1.58
2025-07-30,6.84,6.9,6.83,6.87,8505320.0,58346495.2,0.15
2025-07-31,6.87,6.9,6.75,6.77,8386332.0,57215750.07,-1.46
2025-08-01,6.81,6.84,6.77,6.81,6099253.0,41520664.8,0.59
2025-08-04,6.8,6.85,6.74,6.84,6541087.0,44528449.75,0.44
2025-08-05,6.85,6.92,6.84,6.9,7317610.0,50326862.78,0.88
2025-08-06,6.91,6.99,6.85,6.98,8472690.0,58736923.43,1.16
2025-08-07,6.98,7.06,6.95,6.99,8229969.0,57568633.16,0.14
2025-08-08,6.98,7.06,6.97,7.04,9361800.0,65649622.5,0.72
2025-08-11,7.03,7.07,6.97,7.0,8757932.0,61458787.81,-0.57
2025-08-12,7.03,7.08,7.0,7.07,8065219.0,56819467.85,1.0
2025-08-13,7.07,7.07,7.0,7.04,8167649.0,57541087.2,-0.42
2025-08-14,7.05,7.08,6.95,6.96,8945722.0,62709511.22,-1.14
2025-08-15,6.96,7.04,6.96,6.99,7349810.0,51356797.38,0.43
2025-08-18,7.02,7.17,7.02,7.06,13413702.0,94801338.89,1.0
2025-08-19,7.05,7.31,7.04,7.26,18623437.0,133436926.1,2.83
2025-08-20,7.25,7.32,7.2,7.31,11453100.0,83264037.0,0.69
2025-08-21,7.33,7.36,7.25,7.32,10128303.0,74088536.45,0.14
2025-08-22,7.34,7.34,7.2,7.3,11482822.0,83767186.49,-0.27
2025-08-25,7.3,7.33,7.26,7.3,11897759.0,86823896.3,0.0
2025-08-26,7.31,7.36,7.28,7.3,10684801.0,78132607.31,0.0
2025-08-27,7.29,7.31,7.12,7.12,14207650.0,102437156.5,-2.47
2025-08-28,7.16,7.22,6.95,7.14,14516702.0,103322626.48,0.28
2025-08-29,7.11,7.16,7.01,7.05,16187899.0,114650794.67,-1.26
2025-09-01,7.1,7.12,6.88,6.91,18347250.0,128476618.12,-1.99
2025-09-02,6.93,6.94,6.8,6.92,11455110.0,79011621.22,0.14
2025-09-03,6.91,6.95,6.79,6.82,8782300.0,60312445.25,-1.45
2025-09-04,6.83,6.96,6.79,6.92,12412366.0,85335016.25,1.47
2025-09-05,6.94,6.95,6.86,6.91,9101501.0,62936879.41,-0.14
2025-09-08,6.93,7.03,6.92,6.99,14029854.0,97753007.74,1.16
2025-09-09,6.99,7.01,6.9,6.95,9615311.0,66946602.84,-0.57
2025-09-10,6.95,6.97,6.91,6.93,7195088.0,49933910.72,-0.29
2025-09-11,6.94,6.99,6.86,6.98,9518012.0,66078798.31,0.72
2025-09-12,6.97,6.98,6.85,6.88,10850400.0,75084768.0,-1.43
2025-09-15,6.88,6.88,6.81,6.83,6503390.0,44548221.5,-0.73
2025-09-16,6.85,6.9,6.82,6.88,8706313.0,59747072.96,0.73
2025-09-17,6.87,6.91,6.85,6.91,7762041.0,53441652.28,0.44
2025-09-18,6.91,6.95,6.76,6.79,11652692.0,79850071.93,-1.74
2025-09-19,6.77,6.82,6.71,6.8,8720130.0,59078880.75,0.15
2025-09-22,6.79,6.8,6.65,6.71,7586496.0,51114016.8,-1.32
2025-09-23,6.7,6.72,6.58,6.7,10647751.0,71073737.93,-0.15
2025-09-24,6.68,6.77,6.66,6.73,5588902.0,37501532.42,0.45
2025-09-25,6.72,6.76,6.63,6.65,6752401.0,45173562.69,-1.19
2025-09-26,6.64,6.7,6.61,6.66,8643850.0,57503212.12,0.15
2025-09-29,6.64,6.71,6.59,6.68,7717502.0,51359975.81,0.3
2025-09-30,6.68,6.69,6.65,6.66,6706604.0,44733048.68,-0.3
2025-10-09,6.68,6.71,6.65,6.71,10459687.0,69949156.81,0.75
2025-10-10,6.7,6.89,6.67,6.87,13532637.0,91785110.45,2.38
2025-10-13,6.71,6.77,6.66,6.77,16751404.0,112695070.41,-1.46
2025-10-14,6.77,6.84,6.76,6.81,11082336.0,75304473.12,0.59
2025-10-15,7.01,7.15,6.91,7.0,26571056.0,186462385.48,2.79
2025-10-16,7.0,7.05,6.93,6.95,15342957.0,107132197.25,-0.71
2025-10-17,6.97,7.03,6.93,6.96,12374131.0,86278628.4,0.14
2025-10-20,7.0,7.04,6.94,7.04,15745027.0,110293914.14,1.15
2025-10-21,7.07,7.56,7.02,7.45,39422067.0,286795537.42,5.82
2025-10-22,7.45,7.56,7.36,7.39,29623086.0,220395759.84,-0.81
2025-10-23,7.31,7.37,7.26,7.33,20566345.0,150494229.54,-0.81
2025-10-24,7.35,7.36,7.2,7.22,17337803.0,126262550.35,-1.5
2025-10-27,7.23,7.26,7.15,7.22,13098194.0,94503469.71,0.0
2025-10-28,7.2,7.25,7.18,7.22,9261809.0,66800797.41,0.0
2025-10-29,7.21,7.32,7.16,7.25,15448607.0,111770671.65,0.42
2025-10-30,7.25,7.3,7.19,7.21,12057534.0,87266402.33,-0.55
2025-10-31,7.26,7.29,7.14,7.26,17760033.0,128538238.84,0.69
2025-11-03,7.27,7.28,7.18,7.19,13170637.0,95223705.51,-0.96
2025-11-04,7.18,7.25,7.15,7.17,10043962.0,72190976.88,-0.28
2025-11-05,7.15,7.21,7.13,7.16,9194331.0,65854395.79,-0.14
2025-11-06,7.18,7.2,7.11,7.19,7836800.0,56189856.0,0.42
2025-11-07,7.18,7.3,7.15,7.25,12621310.0,91125858.2,0.83
2025-11-10,7.28,7.43,7.25,7.41,14870276.0,109185001.53,2.21
2025-11-11,7.42,7.42,7.33,7.38,10652167.0,78692883.71,-0.4
2025-11-12,7.37,7.52,7.34,7.49,15151729.0,112577346.47,1.49
2025-11-13,7.5,7.54,7.42,7.51,12735439.0,95420276.71,0.27
2025-11-14,7.51,7.7,7.51,7.56,17936842.0,135781893.94,0.67
2025-11-17,7.56,7.61,7.5,7.56,11292200.0,85340801.5,0.0
2025-11-18,7.55,7.59,7.41,7.44,11235300.0,84236661.75,-1.59
2025-11-19,7.43,7.48,7.32,7.36,8482080.0,62746186.8,-1.08
2025-11-20,7.36,7.38,7.24,7.29,8656160.0,63341450.8,-0.95
2025-11-21,7.25,7.27,6.92,6.94,15012400.0,106512978.0,-4.8
2025-11-24,6.99,7.04,6.88,6.9,8864400.0,61629741.0,-0.58
2025-11-25,6.94,7.03,6.9,6.97,7014000.0,48817440.0,1.01
2025-11-26,6.99,7.1,6.97,7.02,7302435.0,51263093.7,0.72
2025-11-27,7.0,7.13,6.99,7.07,7540985.0,53145091.79,0.71
2025-11-28,7.05,7.11,7.0,7.1,6065500.0,42852757.5,0.42
2025-12-01,7.08,7.3,7.05,7.21,11091301.0,79413715.16,1.55
2025-12-02,7.23,7.25,7.16,7.22,6697791.0,48324562.06,0.14
2025-12-03,7.21,7.28,7.16,7.21,7832918.0,56514503.37,-0.14
2025-12-04,7.17,7.21,7.1,7.13,5564309.0,39798720.12,-1.11
2025-12-05,7.13,7.16,7.07,7.15,5409222.0,38554229.8,0.28
2025-12-08,7.16,7.18,7.04,7.05,8981300.0,63834589.75,-1.4
2025-12-09,7.05,7.1,7.01,7.04,6941794.0,48939647.7,-0.14
2025-12-10,7.07,7.08,6.99,7.02,5372201.0,37820295.04,-0.28
2025-12-11,7.02,7.07,6.94,6.97,8494100.0,59458700.0,-0.71
2025-12-12,6.96,7.0,6.89,6.91,7969100.0,55305554.0,-0.86
2025-12-15,6.88,6.96,6.86,6.92,6245652.0,43126227.06,0.14
2025-12-16,6.93,6.99,6.89,6.9,6407101.0,44385192.18,-0.29
2025-12-17,6.89,6.95,6.82,6.92,8206300.0,56582438.5,0.29
2025-12-18,6.9,7.07,6.89,7.04,7297202.0,50897983.95,1.73
2025-12-19,7.07,7.15,7.0,7.14,9144601.0,64835221.09,1.42
2025-12-22,7.15,7.17,7.1,7.15,6728600.0,48059025.5,0.14
2025-12-23,7.15,7.2,7.11,7.12,6294900.0,44977060.5,-0.42
2025-12-24,7.11,7.26,7.11,7.19,9511918.0,68176672.27,0.98
2025-12-25,7.2,7.36,7.19,7.25,8920200.0,64671450.0,0.83
2025-12-26,7.23,7.3,7.16,7.2,8036600.0,58044343.5,-0.69
2025-12-29,7.19,7.23,7.12,7.15,5720000.0,41026700.0,-0.69
2025-12-30,7.13,7.2,7.09,7.13,5982309.0,42698730.49,-0.28
2025-12-31,7.16,7.19,7.11,7.12,5410483.0,38657901.04,-0.14
2026-01-05,7.12,7.15,7.05,7.11,11446059.0,81352864.34,-0.14
2026-01-06,7.1,7.18,7.09,7.18,9066900.0,64714998.75,0.98
2026-01-07,7.19,7.25,7.15,7.17,8037550.0,57789984.5,-0.14
2026-01-08,7.19,7.2,7.13,7.15,7649700.0,54829224.75,-0.28
2026-01-09,7.15,7.2,7.1,7.2,10879383.0,77923580.74,0.7
2026-01-12,7.2,7.24,7.14,7.22,11218094.0,80770276.8,0.28
2026-01-13,7.23,7.38,7.22,7.25,15639195.0,113696947.65,0.42
2026-01-14,7.25,7.27,7.1,7.15,13545012.0,97422498.81,-1.38
2026-01-15,7.13,7.19,7.11,7.15,6229978.0,44513192.81,0.0
2026-01-16,7.2,7.26,7.15,7.19,8279655.0,59613516.0,0.56
2026-01-19,7.2,7.3,7.18,7.28,10357812.0,74990558.88,1.25
2026-01-20,7.29,7.46,7.26,7.46,18612000.0,137123910.0,2.47
2026-01-21,7.41,7.42,7.33,7.4,12667442.0,93612396.38,-0.8
2026-01-22,7.4,7.59,7.39,7.57,14299971.0,107071032.86,2.3
2026-01-23,7.64,8.03,7.64,7.86,29338138.0,228617440.37,3.83
2026-01-26,7.86,7.88,7.62,7.71,24275623.0,188560901.65,-1.91
2026-01-27,7.72,7.76,7.56,7.64,13954751.0,107032940.17,-0.91
2026-01-28,7.65,7.88,7.6,7.81,17412402.0,134684929.47,2.23
2026-01-29,7.82,7.83,7.67,7.7,13862651.0,107504858.51,-1.41
2026-01-30,7.67,7.81,7.65,7.79,14256210.0,110200503.3,1.17
2026-02-02,7.72,7.75,7.42,7.45,18791469.0,142533292.37,-4.36
2026-02-03,7.51,7.54,7.42,7.52,8890333.0,66655271.67,0.94
2026-02-04,7.53,7.63,7.49,7.61,7981651.0,60381189.81,1.2
2026-02-05,7.61,7.7,7.56,7.63,10436904.0,79581393.0,0.26
2026-02-06,7.62,7.76,7.58,7.67,10315917.0,78994134.43,0.52
2026-02-09,7.69,7.73,7.61,7.65,10207940.0,78294899.8,-0.26
2026-02-10,7.65,7.7,7.58,7.58,7751135.0,59121782.21,-0.92
2026-02-11,7.6,7.67,7.57,7.6,6350948.0,48330714.28,0.26
2026-02-12,7.6,7.62,7.44,7.46,10983400.0,82705002.0,-1.84
2026-02-13,7.47,7.49,7.39,7.41,7868871.0,58544400.24,-0.67
2026-02-24,7.44,7.63,7.43,7.6,10962687.0,82494219.67,2.56
2026-02-25,7.65,7.75,7.61,7.66,10847489.0,83173121.91,0.79
2026-02-26,7.67,7.7,7.6,7.65,7360800.0,56346924.0,-0.13
2026-02-27,7.67,7.75,7.62,7.74,8286000.0,63760770.0,1.18
2026-03-02,7.64,7.68,7.5,7.57,12558289.0,95411600.68,-2.2
2026-03-03,7.64,7.67,7.43,7.45,13006174.0,98164098.26,-1.59
2026-03-04,7.41,7.53,7.36,7.37,15831131.0,117427414.19,-1.07
2026-03-05,7.47,7.52,7.37,7.39,8362675.0,62197395.31,0.27
2026-03-06,7.37,7.58,7.36,7.57,8197567.0,61235825.49,2.44
2026-03-09,7.53,7.59,7.41,7.44,10311174.0,77256471.2,-1.72
2026-03-10,7.47,7.53,7.42,7.52,7517635.0,56269497.97,1.08
2026-03-11,7.52,7.59,7.47,7.58,7755802.0,58478747.08,0.8
2026-03-12,7.57,7.7,7.57,7.58,11283404.0,85810287.42,0.0
2026-03-13,7.58,7.69,7.57,7.6,9094319.0,69207767.59,0.26
2026-03-16,7.59,7.65,7.55,7.61,9354982.0,71097863.2,0.13
2026-03-17,7.61,7.68,7.48,7.48,8416300.0,63648268.75,-1.71
2026-03-18,7.48,7.5,7.35,7.45,7525350.0,56026230.75,-0.4
2026-03-19,7.4,7.45,7.24,7.29,8450200.0,62066719.0,-2.15
2026-03-20,7.28,7.3,7.15,7.15,7746150.0,55927203.0,-1.92
2026-03-23,7.07,7.07,6.58,6.63,18014007.0,123170772.86,-7.27
2026-03-24,6.79,6.86,6.6,6.85,8979170.0,60833876.75,3.32
2026-03-25,6.85,7.02,6.82,7.0,9620500.0,66597911.25,2.19
2026-03-26,6.97,7.09,6.92,6.97,6987912.0,48828035.1,-0.43
2026-03-27,6.94,7.02,6.89,6.99,6639449.0,46210565.04,0.29
2026-03-30,6.91,7.07,6.89,7.06,7659080.0,53479526.1,1.0
2026-03-31,7.04,7.14,7.0,7.02,6457901.0,45528202.05,-0.57
2026-04-01,7.08,7.12,7.05,7.1,6785800.0,48094357.5,1.14
2026-04-02,7.08,7.1,6.93,6.98,5725850.0,40209781.62,-1.69
2026-04-03,6.98,7.0,6.75,6.78,6977000.0,47984317.5,-2.87
2026-04-07,6.8,6.93,6.74,6.87,5455334.0,37287207.89,1.33
2026-04-08,6.96,7.05,6.96,7.02,7727680.0,54074440.8,2.18
2026-04-09,7.0,7.05,6.92,6.95,5993399.0,41833925.02,-1.0
2026-04-10,6.99,7.1,6.96,7.04,6828183.0,47950915.12,1.29
2026-04-13,6.99,7.01,6.92,6.99,6144095.0,42870422.86,-0.71
2026-04-14,7.04,7.04,6.81,6.9,11659562.0,81004807.0,-1.29
2026-04-15,6.89,6.91,6.81,6.88,6921910.0,47570826.47,-0.29
2026-04-16,6.9,6.99,6.87,6.97,8499923.0,58925716.2,1.31
2026-04-17,6.95,6.95,6.63,6.69,21449285.0,145962384.42,-4.02
2026-04-20,6.66,6.7,6.63,6.69,8409538.0,56091618.46,0.0
2026-04-21,6.68,6.8,6.66,6.71,7326616.0,49179909.9,0.3
2026-04-22,6.69,6.7,6.64,6.68,7353569.0,49103457.0,-0.45
2026-04-23,6.68,6.72,6.6,6.68,7423911.0,49517486.37,0.0
2026-04-24,6.65,6.68,6.6,6.65,6370740.0,42333567.3,-0.45
2026-04-27,6.63,6.65,6.53,6.58,7811323.0,51535203.49,-1.05
2026-04-28,6.57,6.6,6.53,6.56,6708313.0,44040074.84,-0.3
2026-04-29,6.53,6.69,6.52,6.64,8287805.0,54658073.98,1.22
2026-04-30,6.65,6.65,6.53,6.55,9901800.0,65302371.0,-1.36
2026-05-06,6.56,6.6,6.53,6.56,9538283.0,62594982.19,0.15
2026-05-07,6.56,6.6,6.54,6.56,6740000.0,44248100.0,0.0
2026-05-08,6.56,6.6,6.54,6.6,5809896.0,38200066.2,0.61
2026-05-11,6.6,6.63,6.57,6.62,6251216.0,41289281.68,0.3
2026-05-12,6.64,6.64,6.52,6.53,9347487.0,61529833.18,-1.36
2026-05-13,6.52,6.55,6.45,6.47,9925445.0,64490578.89,-0.92
2026-05-14,6.49,6.49,6.3,6.3,9737424.0,62270826.48,-2.63
2026-05-15,6.3,6.37,6.26,6.28,8499391.0,53567411.78,-0.32
2026-05-18,6.3,6.3,6.09,6.16,11942706.0,74194061.03,-1.91
2026-05-19,6.15,6.2,6.11,6.19,8088668.0,49846416.55,0.49
2026-05-20,6.19,6.2,6.06,6.1,7771468.0,47697384.85,-1.45
2026-05-21,6.1,6.16,5.94,5.94,13464414.0,81257738.49,-2.62
2026-05-22,5.97,6.03,5.89,5.99,6271672.0,37441881.84,0.84
2026-05-25,5.98,6.03,5.95,6.0,4789603.0,28689721.97,0.17
2026-05-26,6.0,6.0,5.92,5.98,4117315.0,24600957.12,-0.33
2026-05-27,5.99,5.99,5.86,5.91,4286740.0,25452518.75,-1.17
2026-05-28,5.91,5.99,5.87,5.91,3638769.0,21541512.48,0.0
2026-05-29,5.9,6.07,5.88,6.04,7475544.0,44647686.54,2.2
2026-06-01,6.05,6.19,5.98,6.18,10345532.0,63107745.2,2.32
2026-06-02,6.18,6.2,6.06,6.1,5852701.0,35906320.63,-1.29
2026-06-03,6.09,6.09,5.96,6.0,5268900.0,31797811.5,-1.64
2026-06-04,5.97,6.0,5.86,5.89,5398400.0,32012512.0,-1.83
2026-06-05,5.89,6.0,5.89,5.95,3985401.0,23643391.43,1.02
2026-06-08,5.89,5.95,5.8,5.86,5355200.0,31461800.0,-1.51
2026-06-09,5.85,5.87,5.78,5.86,3889599.0,22715258.16,0.0
2026-06-10,5.81,5.87,5.8,5.84,2812797.0,16398606.51,-0.34
2026-06-11,5.83,5.87,5.75,5.8,2921088.0,16978824.0,-0.68
2026-06-12,5.83,5.94,5.8,5.94,4610842.0,27100223.86,2.41
2026-06-15,5.93,5.99,5.85,5.9,5590707.0,33083008.67,-0.67
2026-06-16,5.9,5.9,5.8,5.84,3781600.0,22160176.0,-1.02
2026-06-17,5.83,5.83,5.75,5.78,3853246.0,22339193.68,-1.03
2026-06-18,5.63,5.69,5.6,5.62,3618162.0,20388342.87,-2.77
2026-06-22,5.63,5.76,5.52,5.74,4208407.0,23830104.64,2.14
2026-06-23,5.72,5.83,5.72,5.78,5064963.0,29186849.29,0.7
2026-06-24,5.79,5.83,5.64,5.7,4639856.0,26632773.44,-1.38
2026-06-25,5.66,5.75,5.62,5.69,3967901.0,22537677.68,-0.18
2026-06-26,5.65,5.69,5.49,5.49,5518603.0,30793804.74,-3.51
2026-06-29,5.49,5.55,5.34,5.5,4731240.0,25879882.8,0.18
2026-06-30,5.5,5.51,5.38,5.43,3264450.0,17807574.75,-1.27
2026-07-01,5.41,5.64,5.38,5.61,5681821.0,31306833.71,3.31
2026-07-02,5.64,5.76,5.55,5.69,5678664.0,32141238.24,1.43
2026-07-03,5.71,5.77,5.65,5.7,4456016.0,25432711.32,0.18
2026-07-06,5.73,5.82,5.68,5.76,5356916.0,30788874.71,1.05
2026-07-07,5.72,5.76,5.6,5.65,4273501.0,24284169.43,-1.91
2026-07-08,5.65,5.7,5.55,5.63,3481000.0,19606732.5,-0.35
2026-07-09,5.64,5.68,5.5,5.58,4042800.0,22639680.0,-0.89
2026-07-10,5.54,5.64,5.49,5.56,6240300.0,34680467.25,-0.36
2026-07-13,5.55,5.61,5.52,5.56,4071300.0,22636428.0,0.0
2026-07-14,5.56,5.75,5.55,5.71,6172000.0,34825510.0,2.7
2026-07-15,5.7,5.85,5.67,5.85,5801772.0,33461720.01,2.45
2026-07-16,5.81,5.88,5.78,5.83,3899848.0,22716614.6,-0.34
2026-07-17,5.83,5.93,5.75,5.78,5950000.0,34643875.0,-0.86
2026-07-20,5.82,5.92,5.74,5.81,6415510.0,37354306.98,0.52
2026-07-21,5.82,5.85,5.72,5.76,6930708.0,40111472.55,-0.86
2026-07-22,5.76,5.79,5.67,5.77,6206685.0,35672922.04,0.17
2026-07-23,5.78,5.86,5.72,5.86,4115600.0,23891058.0,1.56
2026-07-24,5.82,5.86,5.74,5.76,4442800.0,25746026.0,-1.71
2026-07-27,5.75,5.86,5.75,5.81,4717200.0,27324381.0,0.87
2026-07-28,5.8,5.87,5.77,5.86,4605500.0,26827037.5,0.86
2026-07-29,5.86,5.97,5.82,5.96,6039600.0,35648739.0,1.71
2026-07-30,5.93,6.0,5.91,5.98,5582100.0,33241405.5,0.34
2026-07-31,5.97,6.0,5.91,5.99,5787098.0,34534507.32,0.17
2026-08-03,5.97,6.06,5.94,6.05,4914900.0,29513974.5,1.0
2026-08-04,6.05,6.07,5.95,5.97,4809900.0,28907499.0,-1.32
2026-08-05,5.96,5.97,5.91,5.93,4718247.0,28038182.8,-0.67
2026-08-06,5.93,5.96,5.87,5.95,4107587.0,24347721.94,0.34
2026-08-07,5.92,5.93,5.85,5.9,3204800.0,18908320.0,-0.84
2026-08-10,5.89,6.03,5.87,6.0,6268418.0,37281416.06,1.69
2026-08-11,6.0,6.01,5.93,5.93,3344000.0,19955320.0,-1.17
2026-08-12,5.93,5.95,5.9,5.93,3049795.0,18077659.86,0.0
2026-08-13,5.93,5.95,5.88,5.89,4575700.0,27053826.25,-0.67
2026-08-14,5.88,5.9,5.83,5.87,2621660.0,15389144.2,-0.34
2026-08-17,5.87,5.92,5.8,5.9,4592379.0,26968745.68,0.51
2026-08-18,5.87,5.89,5.84,5.87,2650100.0,15549461.75,-0.51
2026-08-19,5.86,5.94,5.85,5.87,5192119.0,30529659.72,0.0
2026-08-20,5.9,5.98,5.87,5.98,7477712.0,44361526.44,1.87
2026-08-21,5.97,5.97,5.79,5.86,7204794.0,42490272.62,-2.01
2026-08-24,5.85,5.9,5.85,5.9,3399594.0,19972614.75,0.68
2026-08-25,5.87,5.96,5.84,5.95,4194401.0,24767937.91,0.85
2026-08-26,5.93,6.0,5.93,5.99,5622744.0,33525611.1,0.67
2026-08-27,5.97,5.98,5.92,5.97,4158634.0,24785458.64,-0.33
2026-08-28,5.95,6.04,5.93,6.02,5916134.0,35408061.99,0.84
2026-08-31,5.98,6.04,5.95,5.98,4347100.0,26028261.25,-0.66
2026-09-01,5.96,6.07,5.96,6.04,5520999.0,33167401.49,1.0
2026-09-02,6.02,6.04,5.93,5.95,4986100.0,29841808.5,-1.49
2026-09-03,5.97,5.98,5.9,5.91,6093300.0,36194202.0,-0.67
2026-09-04,5.9,5.99,5.9,5.91,5464596.0,32377731.3,0.0
2026-09-07,5.91,5.94,5.89,5.9,3754700.0,22190277.0,-0.17
2026-09-08,5.9,5.99,5.89,5.99,4434444.0,26351683.47,1.53
2026-09-09,5.99,5.99,5.9,5.95,3579101.0,21322494.21,-0.67
2026-09-10,5.95,5.95,5.88,5.9,4195156.0,24835323.52,-0.84
2026-09-11,5.88,5.89,5.77,5.81,5710000.0,33332125.0,-1.53
2026-09-14,6.04,6.25,6.03,6.06,20862026.0,127154048.47,4.3
2026-09-15,6.0,6.14,5.93,5.96,15822256.0,95052202.92,-1.65
2026-09-16,5.99,6.2,5.91,6.16,16870407.0,102319018.46,3.36
2026-09-17,6.15,6.19,6.05,6.08,11258608.0,68874534.44,-1.3
2026-09-18,6.09,6.29,6.08,6.2,14899749.0,91856952.58,1.97
2026-09-21,6.2,6.21,6.11,6.19,9929675.0,61340567.31,-0.16
2026-09-22,6.17,6.18,6.06,6.1,10344991.0,63388932.35,-1.45
2026-09-23,6.09,6.11,6.01,6.02,6072901.0,36786597.81,-1.31
2026-09-24,6.02,6.1,6.0,6.07,5613564.0,33948028.29,0.83
2026-09-28,6.08,6.15,5.93,5.96,8138583.0,49075655.49,-1.81
2026-09-29,5.95,6.0,5.91,5.97,3981083.0,23717301.97,0.17
2026-09-30,5.95,5.99,5.94,5.97,4499700.0,26829461.25,0.0
