date,open,high,low,close,volume,amount
2024-10-08,39.18,39.18,34.7,39.18,9028145.0,343611198.7
2024-10-09,36.0,44.88,34.3,36.7,8621451.0,327356494.47
2024-10-10,36.77,38.49,28.88,33.28,4757047.0,163428349.69
2024-10-11,33.4,35.46,28.09,30.32,4319848.0,137446763.74
2024-10-14,29.5,32.2,28.38,30.66,3503199.0,105744061.81
2024-10-15,30.66,32.03,29.52,29.65,3599316.0,109653161.94
2024-10-16,28.41,29.64,28.01,28.62,2440156.0,69959272.52
2024-10-17,28.69,32.8,28.62,30.0,4363324.0,131019711.41
2024-10-18,30.58,33.48,30.0,32.13,4791506.0,151160035.53
2024-10-21,31.9,36.2,31.51,35.15,5105676.0,172010224.44
2024-10-22,35.0,35.0,30.43,30.93,4111424.0,135019164.16
2024-10-23,30.5,31.96,30.05,30.94,2171247.0,67010110.54
2024-10-24,30.52,31.98,30.0,31.19,2413415.0,74628825.34
2024-10-25,31.58,36.36,31.58,33.5,5033891.0,167402045.2
2024-10-28,33.1,35.7,33.0,33.95,3042386.0,103250974.88
2024-10-29,34.5,35.94,33.6,35.2,3941631.0,137208175.11
2024-10-30,35.27,43.98,34.8,38.81,4731815.0,180826310.23
2024-10-31,38.48,38.48,34.81,36.79,3527604.0,131015212.56
2024-11-01,36.79,36.79,33.34,33.39,2074645.0,72773359.99
2024-11-04,32.85,34.44,32.0,33.83,2069735.0,68880780.8
2024-11-05,34.36,36.58,34.0,36.1,2652146.0,93514667.96
2024-11-06,35.5,37.66,34.85,37.0,6108525.0,221449302.56
2024-11-07,37.02,37.66,36.33,37.16,3843055.0,142356364.84
2024-11-08,37.9,38.44,34.88,35.0,3440689.0,125774386.39
2024-11-11,34.61,35.32,33.7,35.27,2077856.0,72153549.6
2024-11-12,35.9,36.25,33.99,34.62,2249022.0,79143084.18
2024-11-13,34.3,42.21,34.14,39.02,7670495.0,287010746.66
2024-11-14,38.4,38.4,36.17,36.18,4138637.0,154319427.14
2024-11-15,35.93,37.97,35.75,36.43,3230012.0,117960038.24
2024-11-18,36.4,39.44,36.17,37.96,3862661.0,144820817.54
2024-11-19,37.24,37.6,33.8,35.9,3362111.0,121489880.99
2024-11-20,35.5,36.4,35.14,36.32,2123931.0,76121687.04
2024-11-21,36.31,37.52,35.46,36.8,2961037.0,108144473.83
2024-11-22,36.32,36.68,34.34,34.5,2325401.0,82458719.46
2024-11-25,34.52,35.15,32.4,33.21,1915701.0,64789007.82
2024-11-26,33.29,33.52,32.59,32.64,1034592.0,34151881.92
2024-11-27,32.33,32.66,31.15,32.48,1316832.0,42342732.96
2024-11-28,32.48,33.47,32.48,32.8,1198245.0,39311422.84
2024-11-29,33.14,33.48,31.58,33.05,1332248.0,43714387.5
2024-12-02,33.09,34.63,33.09,33.97,1298879.0,43765727.91
2024-12-03,33.63,34.96,33.63,34.4,1249690.0,42683161.95
2024-12-04,34.08,34.48,33.33,33.55,991196.0,33561896.56
2024-12-05,33.42,33.89,33.14,33.42,772217.0,25844172.45
2024-12-06,33.5,35.51,33.5,34.9,1796997.0,61731339.44
2024-12-09,33.81,33.98,31.54,31.84,1516749.0,49737991.58
2024-12-10,33.49,33.68,31.0,32.15,1131872.0,36876389.76
2024-12-11,32.2,32.2,31.26,31.53,688030.0,21877633.93
2024-12-12,31.93,31.93,30.61,31.32,827553.0,26024472.97
2024-12-13,31.27,31.83,30.75,31.01,587350.0,18334130.25
2024-12-16,31.11,31.11,30.0,30.29,552659.0,16926563.52
2024-12-17,30.29,30.66,29.25,29.25,613614.0,18324048.07
2024-12-18,29.55,29.81,28.8,29.02,555955.0,16286701.72
2024-12-19,28.79,29.33,27.7,29.02,1215359.0,34892956.89
2024-12-20,28.92,29.26,28.58,29.03,669007.0,19366080.13
2024-12-23,29.2,29.29,28.05,28.05,561051.0,16072708.52
2024-12-24,28.06,28.47,27.51,28.35,612872.0,17220171.02
2024-12-25,27.99,28.49,27.73,27.83,463064.0,12970422.64
2024-12-26,28.15,29.2,27.75,28.99,928552.0,26484624.42
2024-12-27,28.8,29.48,28.62,29.19,813465.0,23608787.96
2024-12-30,29.21,29.21,28.0,28.13,598859.0,17149824.61
2024-12-31,28.59,29.2,28.15,28.84,681102.0,19544221.89
2025-01-02,29.2,30.85,28.7,29.88,1858436.0,55116565.67
2025-01-03,30.11,30.32,29.02,29.53,894430.0,26604820.35
2025-01-06,29.8,30.1,29.12,29.4,589725.0,17458808.63
2025-01-07,29.4,29.75,29.06,29.55,501225.0,14756064.0
2025-01-08,29.5,29.5,28.39,29.17,602205.0,17548253.7
2025-01-09,29.29,29.82,28.88,29.69,857796.0,25236358.32
2025-01-10,29.88,30.2,28.5,28.57,703561.0,20605542.79
2025-01-13,28.5,28.5,27.56,27.6,480610.0,13476304.4
2025-01-14,27.8,29.2,27.51,29.2,1357116.0,38579415.09
2025-01-15,29.13,30.51,28.92,29.51,1432881.0,42295064.92
2025-01-16,29.7,30.15,29.23,29.61,564062.0,16737129.7
2025-01-17,29.28,29.64,29.28,29.4,270686.0,7958168.4
2025-01-20,29.71,30.19,29.3,29.34,290161.0,8598921.23
2025-01-21,29.5,29.5,28.6,28.8,362076.0,10536411.6
2025-01-22,28.8,28.8,28.05,28.2,327352.0,9317256.3
2025-01-23,28.7,29.45,28.29,28.3,543249.0,15583097.57
2025-01-24,28.5,28.7,28.1,28.3,522841.0,14848684.4
2025-01-27,28.43,28.43,27.82,27.82,273399.0,7689346.88
2025-02-05,27.96,28.14,27.71,27.76,292540.0,8159671.95
2025-02-06,27.77,28.59,27.55,28.59,632984.0,17802675.0
2025-02-07,28.6,29.8,28.35,29.35,1094464.0,31766817.6
2025-02-10,29.18,29.48,28.82,29.43,1022431.0,29883102.05
2025-02-11,29.5,30.36,29.0,29.74,1723876.0,51112923.4
2025-02-12,29.33,29.8,29.0,29.51,993978.0,29232892.98
2025-02-13,29.66,29.66,28.91,28.91,876367.0,25664407.59
2025-02-14,28.95,28.95,28.19,28.22,764679.0,21852614.12
2025-02-17,28.23,28.55,28.11,28.34,659829.0,18678109.42
2025-02-18,28.44,28.69,27.9,27.96,770075.0,21752693.56
2025-02-19,28.04,28.41,27.8,28.39,578709.0,16296445.44
2025-02-20,28.57,28.99,28.22,28.88,1008013.0,28894692.64
2025-02-21,28.88,28.99,28.53,28.94,785160.0,22640088.6
2025-02-24,29.37,30.4,29.0,29.8,1859590.0,55122896.57
2025-02-25,29.6,29.76,29.02,29.22,926344.0,27234513.6
2025-02-26,29.35,29.65,29.03,29.37,835080.0,24509598.0
2025-02-27,29.5,29.92,29.08,29.84,1388709.0,41084955.77
2025-02-28,29.85,32.98,29.6,31.04,3611352.0,111473407.86
2025-03-03,31.98,32.89,30.58,32.47,2822983.0,90278996.34
2025-03-04,32.48,32.86,31.52,32.33,2125649.0,68653148.58
2025-03-05,32.08,33.9,31.6,33.1,2834405.0,92600011.35
2025-03-06,33.1,33.56,31.5,31.84,2272132.0,73844290.0
2025-03-07,31.95,32.54,31.35,31.78,1639927.0,52321870.94
2025-03-10,31.68,32.97,31.68,32.91,1547779.0,50008739.49
2025-03-11,33.3,34.98,33.0,34.5,3675002.0,124747942.89
2025-03-12,33.98,35.44,33.5,33.62,2838035.0,96876324.72
2025-03-13,33.21,34.9,33.11,34.81,2535925.0,86240469.44
2025-03-14,35.44,35.8,34.35,34.9,2248986.0,78990010.79
2025-03-17,34.55,36.59,34.55,35.96,2507577.0,88799570.51
2025-03-18,36.31,36.31,34.79,36.05,2086167.0,74820379.45
2025-03-19,35.6,35.8,33.37,33.53,2010643.0,69517981.72
2025-03-20,33.8,34.75,32.98,33.0,1823373.0,61324592.42
2025-03-21,33.8,39.0,33.08,34.7,4182831.0,147005595.49
2025-03-24,33.7,39.86,33.06,37.72,6634281.0,239398029.89
2025-03-25,36.88,42.58,36.08,39.8,7078617.0,274898091.19
2025-03-26,40.0,41.03,38.0,38.25,5440852.0,213934300.64
2025-03-27,37.33,41.8,37.17,38.5,5901742.0,228397415.4
2025-03-28,36.89,36.9,33.67,33.67,5440765.0,191963791.11
2025-03-31,33.1,33.39,32.02,32.6,2027813.0,66466640.61
2025-04-01,33.03,33.9,32.72,33.12,1851148.0,61444229.99
2025-04-02,32.81,33.25,31.87,32.33,1750116.0,56992527.54
2025-04-03,32.12,32.52,31.8,32.26,1443782.0,46453685.85
2025-04-07,30.5,30.5,26.1,27.17,2625712.0,75010027.56
2025-04-08,27.71,28.51,27.25,28.37,1900605.0,53140915.8
2025-04-09,27.56,30.87,26.66,30.57,2968378.0,85830649.87
2025-04-10,30.95,32.78,30.75,31.67,2950489.0,93051046.84
2025-04-11,31.05,32.27,30.8,31.5,2002856.0,62899692.68
2025-04-14,31.8,32.5,31.72,31.95,1661680.0,53161297.4
2025-04-15,31.97,33.5,31.52,33.46,2438444.0,79523754.95
2025-04-16,32.81,33.5,31.7,32.23,1731237.0,56369076.72
2025-04-17,32.0,37.3,32.0,35.31,4966078.0,169603978.9
2025-04-18,35.0,38.32,34.3,37.08,6933557.0,250821424.47
2025-04-21,36.7,37.0,35.25,36.24,4309773.0,156433985.47
2025-04-22,35.9,36.8,35.65,35.85,2413070.0,86991173.5
2025-04-23,35.8,36.4,34.99,36.29,2826507.0,101386806.09
2025-04-24,36.4,37.6,34.77,35.2,2725710.0,98105117.17
2025-04-25,35.45,35.53,34.0,34.15,2157608.0,75047000.26
2025-04-28,33.94,33.94,31.91,31.99,1824749.0,60116355.8
2025-04-29,31.4,32.7,31.03,32.08,1260204.0,40077637.71
2025-04-30,31.92,32.9,31.92,32.55,1795567.0,58037214.36
2025-05-06,32.91,33.34,32.68,33.34,1728182.0,57146658.29
2025-05-07,33.55,34.19,32.91,33.85,2270040.0,76330095.0
2025-05-08,33.51,33.88,33.08,33.77,1419946.0,47653387.76
2025-05-09,33.58,34.39,33.3,33.99,1870535.0,63252141.02
2025-05-12,33.78,34.3,33.66,34.28,2070371.0,70402965.85
2025-05-13,34.65,34.99,33.81,34.23,2349446.0,80867931.32
2025-05-14,34.1,34.1,33.1,33.71,1837358.0,62015425.89
2025-05-15,33.52,34.49,33.31,34.02,2494638.0,84406076.73
2025-05-16,33.55,34.1,33.31,33.84,1812893.0,61094494.1
2025-05-19,33.66,34.88,33.06,34.6,2772102.0,94390073.1
2025-05-20,34.47,36.08,34.27,35.64,3041210.0,106792089.15
2025-05-21,35.6,35.96,35.08,35.41,2224392.0,78993720.9
2025-05-22,35.44,35.44,32.7,33.03,2409702.0,82297347.56
2025-05-23,33.04,33.77,32.25,32.51,1225337.0,40304397.27
2025-05-26,32.66,33.98,32.25,33.81,1698991.0,56364026.42
2025-05-27,33.34,33.55,32.72,33.23,1559077.0,51776947.17
2025-05-28,33.11,33.2,31.9,32.01,1240363.0,40380017.46
2025-05-29,32.38,32.97,32.1,32.75,1165852.0,37948482.6
2025-05-30,32.7,33.47,32.5,32.79,1134412.0,37282450.38
2025-06-03,32.78,33.1,32.03,33.08,720474.0,23593722.32
2025-06-04,33.06,33.54,32.91,33.3,761890.0,25296652.73
2025-06-05,33.34,33.34,32.73,32.91,801913.0,26527282.04
2025-06-06,33.0,34.53,32.93,34.0,2231126.0,74999300.49
2025-06-09,33.96,33.96,33.34,33.65,1331361.0,44903478.13
2025-06-10,33.88,34.48,33.42,34.15,2002520.0,68050635.9
2025-06-11,34.15,34.28,33.63,33.94,1207005.0,41038170.0
2025-06-12,33.88,34.16,33.43,33.74,1057669.0,35751856.37
2025-06-13,36.0,37.0,34.05,34.09,6182625.0,218153923.12
2025-06-16,34.13,36.4,34.07,35.3,4196603.0,146776189.93
2025-06-17,34.6,36.2,33.95,36.01,4239664.0,149193776.16
2025-06-18,36.73,38.99,36.1,37.86,6840382.0,255967094.44
2025-06-19,36.68,37.2,35.1,35.81,4451515.0,161133714.21
2025-06-20,35.54,35.54,33.72,34.19,3081801.0,107084880.25
2025-06-23,34.73,35.1,34.11,34.75,1879385.0,65162976.41
2025-06-24,34.0,35.35,33.61,34.96,3273049.0,112854729.52
2025-06-25,34.7,34.85,34.2,34.65,2419683.0,83721031.8
2025-06-26,34.45,35.8,34.36,35.38,3046618.0,106624013.46
2025-06-27,35.18,35.83,34.57,34.75,2097150.0,73573264.88
2025-06-30,34.86,35.09,34.51,34.77,1182828.0,41171285.61
2025-07-01,34.8,35.17,34.39,35.17,1920399.0,66988318.12
2025-07-02,35.12,35.47,34.7,34.83,1376929.0,48233822.87
2025-07-03,34.97,34.99,34.61,34.7,1069371.0,37232824.79
2025-07-04,35.26,35.45,33.88,33.9,1800987.0,62354672.41
2025-07-07,33.81,33.95,32.86,33.0,1712504.0,57206196.12
2025-07-08,32.99,33.39,32.95,33.29,773239.0,25636739.05
2025-07-09,33.34,33.71,32.9,32.98,776214.0,25795531.76
2025-07-10,33.22,33.47,32.88,33.27,571569.0,18981806.49
2025-07-11,33.47,33.65,33.0,33.35,852448.0,28444058.64
2025-07-14,33.39,33.73,33.22,33.42,769392.0,25728468.48
2025-07-15,33.57,33.57,32.55,32.62,955279.0,31598241.12
2025-07-16,32.59,32.95,32.59,32.77,691517.0,22629893.83
2025-07-17,32.9,33.19,32.64,33.1,707537.0,23318650.68
2025-07-18,33.18,33.35,32.83,32.94,741504.0,24525244.8
2025-07-21,33.1,33.39,33.0,33.32,1070343.0,35538063.46
2025-07-22,33.47,33.99,33.06,33.76,1626360.0,54596905.2
2025-07-23,33.81,34.2,33.28,33.3,1261261.0,42438279.5
2025-07-24,33.36,33.64,33.12,33.55,1073169.0,35862625.06
2025-07-25,33.8,34.68,33.8,34.32,2169357.0,74083541.55
2025-07-28,34.63,34.66,33.8,34.07,1185953.0,40666328.37
2025-07-29,34.1,34.1,33.27,33.35,1401514.0,47238029.37
2025-07-30,33.41,33.66,33.11,33.53,998007.0,33360878.99
2025-07-31,33.53,33.53,32.59,32.73,922334.0,30524643.73
2025-08-01,32.63,32.95,32.45,32.64,644107.0,21041365.42
2025-08-04,32.52,32.66,32.26,32.53,569589.0,18507370.58
2025-08-05,32.59,32.79,32.32,32.61,865986.0,28211658.91
2025-08-06,32.57,33.18,32.47,33.03,1091015.0,35798929.69
2025-08-07,33.03,33.32,32.8,33.04,1108827.0,36643960.28
2025-08-08,33.13,33.13,32.56,32.73,556671.0,18307517.51
2025-08-11,32.8,33.18,32.51,32.94,734949.0,24148586.77
2025-08-12,33.13,33.13,32.7,32.78,751446.0,24748874.01
2025-08-13,32.82,32.83,32.29,32.38,1139971.0,37140255.18
2025-08-14,32.42,32.55,31.0,31.42,1704102.0,54271388.45
2025-08-15,31.31,31.99,31.24,31.78,1259705.0,39781483.9
2025-08-18,31.83,32.72,31.6,32.52,1733731.0,55769791.94
2025-08-19,32.6,33.32,32.56,33.0,2658457.0,87383481.59
2025-08-20,32.77,33.18,32.55,32.94,1574518.0,51738661.48
2025-08-21,33.09,33.65,32.61,32.79,1932422.0,63837560.77
2025-08-22,32.77,33.15,32.28,33.14,1849459.0,60726986.27
2025-08-25,33.14,33.39,32.74,32.96,1767765.0,58437891.49
2025-08-26,33.01,33.01,32.58,32.69,1249606.0,41015192.93
2025-08-27,32.69,32.74,31.33,31.44,2065555.0,66201037.75
2025-08-28,30.03,30.49,29.0,30.38,2722353.0,81602531.17
2025-08-29,30.43,30.63,29.77,29.88,1422610.0,42930813.27
2025-09-01,30.16,30.16,29.39,29.8,1266276.0,37833161.19
2025-09-02,29.86,30.11,29.4,30.0,1131451.0,33765326.47
2025-09-03,30.13,30.21,29.44,29.65,809723.0,24176304.47
2025-09-04,29.6,30.16,29.5,29.8,977465.0,29094245.73
2025-09-05,29.86,30.85,29.86,30.8,1586723.0,48145142.63
2025-09-08,31.37,31.8,30.57,31.63,1855477.0,58155287.87
2025-09-09,31.59,31.59,30.69,30.72,981059.0,30557535.2
2025-09-10,30.9,31.49,30.52,30.73,765203.0,23652424.73
2025-09-11,30.74,30.9,30.34,30.83,539013.0,16549046.63
2025-09-12,30.98,31.3,30.6,30.86,819830.0,25361441.05
2025-09-15,31.0,31.14,30.16,30.2,856362.0,26226086.25
2025-09-16,30.36,30.47,29.72,29.8,828515.0,24927945.06
2025-09-17,30.28,31.3,30.0,30.45,1151786.0,35138111.4
2025-09-18,30.3,30.47,29.7,29.8,1133856.0,34092215.28
2025-09-19,30.08,30.48,29.62,30.3,990323.0,29828528.76
2025-09-22,30.16,30.89,29.82,30.44,982137.0,29785759.87
2025-09-23,30.5,31.38,29.8,30.07,1251295.0,38086291.56
2025-09-24,30.6,30.74,30.08,30.44,660599.0,20125148.54
2025-09-25,30.43,31.0,30.15,30.76,900104.0,27529680.84
2025-09-26,30.6,31.79,30.3,31.44,1658918.0,51480372.84
2025-09-29,31.68,31.81,30.7,31.58,1140104.0,35847720.02
2025-09-30,31.86,31.86,31.0,31.76,1072802.0,33921999.24
2025-10-09,32.0,32.35,30.92,31.0,1160557.0,36635883.1
2025-10-10,31.02,31.47,30.46,31.15,721675.0,22389966.88
2025-10-13,30.55,30.95,30.19,30.65,760122.0,23248331.37
2025-10-14,30.65,31.28,30.3,30.65,542075.0,16652544.0
2025-10-15,30.89,31.35,30.43,30.88,542368.0,16752391.6
2025-10-16,30.72,31.14,30.51,30.59,478218.0,14700421.32
2025-10-17,30.48,30.48,29.75,29.9,664358.0,20032054.59
2025-10-20,30.09,30.14,29.66,29.71,406924.0,12167027.6
2025-10-21,29.71,30.2,29.61,30.18,457030.0,13676622.75
2025-10-22,30.25,30.72,29.92,30.7,594973.0,18085691.77
2025-10-23,30.77,30.84,30.38,30.6,430374.0,13189887.17
2025-10-24,30.6,30.98,30.45,30.91,308457.0,9480425.9
2025-10-27,30.95,31.18,30.44,30.55,393766.0,12120117.48
2025-10-28,30.88,30.88,30.36,30.45,400915.0,12285037.89
2025-10-29,30.42,31.6,29.71,31.45,1452815.0,44739437.93
2025-10-30,31.99,32.39,30.49,30.55,1485511.0,46578197.41
2025-10-31,30.28,31.53,30.28,31.15,588692.0,18137600.52
2025-11-03,31.4,33.56,31.03,32.98,2796289.0,90159348.08
2025-11-04,32.75,32.97,31.41,31.42,1734741.0,55750238.89
2025-11-05,31.18,31.88,31.0,31.49,904563.0,28391971.16
2025-11-06,31.58,31.79,31.21,31.58,536220.0,16912378.8
2025-11-07,31.4,31.96,31.36,31.52,521638.0,16462895.28
2025-11-10,31.46,31.93,31.12,31.6,844165.0,26614412.04
2025-11-11,31.74,32.85,31.52,32.51,1824761.0,58675189.96
2025-11-12,32.67,33.49,32.07,32.11,1906737.0,62131025.15
2025-11-13,32.01,32.74,31.9,32.02,1262179.0,40601142.98
2025-11-14,32.02,32.26,31.47,31.57,1000930.0,31859601.9
2025-11-17,31.7,31.87,31.0,31.3,864234.0,27195283.39
2025-11-18,31.29,31.42,30.61,31.06,639421.0,19882796.0
2025-11-19,31.18,31.84,30.62,31.55,1172294.0,36689871.47
2025-11-20,31.88,32.08,31.1,31.59,605811.0,19181490.79
2025-11-21,31.25,31.39,30.49,30.88,652015.0,20214095.04
2025-11-24,30.8,30.96,30.23,30.71,543517.0,16672383.97
2025-11-25,30.97,31.28,30.78,30.96,406785.0,12609318.04
2025-11-26,30.7,31.18,30.34,30.65,495500.0,15220521.25
2025-11-27,30.78,30.78,30.14,30.28,454629.0,13863911.36
2025-11-28,30.64,30.64,30.17,30.3,259273.0,7891621.94
2025-12-01,30.48,31.06,30.38,30.96,385732.0,11849687.04
2025-12-02,31.18,31.18,30.42,30.43,344648.0,10616020.02
2025-12-03,30.5,30.7,30.31,30.43,317670.0,9684169.95
2025-12-04,30.3,30.85,30.3,30.45,213488.0,6506046.8
2025-12-05,30.61,30.89,30.36,30.73,580489.0,17790536.63
2025-12-08,30.76,31.68,30.73,31.32,811945.0,25269758.26
2025-12-09,31.42,31.92,30.9,31.37,736523.0,23128663.51
2025-12-10,31.13,31.53,30.7,31.1,379555.0,11809853.83
2025-12-11,31.1,32.16,30.92,31.8,1395724.0,43958327.38
2025-12-12,31.64,31.64,30.72,31.29,1670695.0,52330344.14
2025-12-15,30.98,31.74,30.91,31.28,809790.0,25287717.22
2025-12-16,31.28,31.64,31.14,31.29,722424.0,22638962.1
2025-12-17,31.11,31.43,30.78,31.0,793564.0,24663969.12
2025-12-18,30.99,31.13,30.68,30.8,442501.0,13673280.9
2025-12-19,30.8,31.12,30.77,31.0,515730.0,15947660.92
2025-12-22,31.0,31.66,31.0,31.54,894571.0,28000072.3
2025-12-23,31.45,31.77,31.13,31.56,650350.0,20471392.12
2025-12-24,31.56,31.61,31.13,31.23,597288.0,18744390.66
2025-12-25,31.47,31.69,31.23,31.58,433070.0,13638456.97
2025-12-26,31.71,32.96,31.47,32.69,1677164.0,54017259.53
2025-12-29,33.0,33.46,32.23,33.26,1527702.0,50395069.72
2025-12-30,33.26,33.88,32.8,33.6,1287581.0,42985891.69
2025-12-31,33.47,33.88,32.86,32.89,913822.0,30407427.05
2026-01-05,33.17,34.15,33.11,34.13,1365218.0,45925933.52
2026-01-06,34.19,35.03,33.25,33.47,1728186.0,58732401.21
2026-01-07,33.47,33.75,32.91,32.92,1103741.0,36713185.01
2026-01-08,32.97,33.13,32.05,32.7,980909.0,32087985.66
2026-01-09,33.3,34.29,32.91,33.55,1654853.0,55458261.16
2026-01-12,34.29,34.3,33.33,33.93,1529043.0,51930122.89
2026-01-13,34.04,34.45,33.5,33.53,1286161.0,43575134.68
2026-01-14,33.52,33.77,32.86,33.4,1519021.0,50716313.64
2026-01-15,33.35,33.87,33.0,33.58,625456.0,20921503.2
2026-01-16,34.55,34.55,33.23,33.55,1038065.0,35263068.05
2026-01-19,33.21,34.0,32.93,33.36,1290701.0,43077145.88
2026-01-20,33.36,35.4,32.96,35.16,2897723.0,99160081.06
2026-01-21,35.1,35.17,34.21,34.74,1896386.0,66003714.73
2026-01-22,34.44,36.5,34.2,35.84,2354170.0,82972721.65
2026-01-23,35.99,36.6,35.31,35.92,1833623.0,65927914.96
2026-01-26,36.0,37.47,36.0,36.96,1872678.0,68554059.89
2026-01-27,36.76,36.76,35.23,35.45,1837709.0,66249409.45
2026-01-28,35.71,37.64,34.98,37.1,2425397.0,88181371.43
2026-01-29,37.1,38.28,36.52,36.58,2134847.0,79245520.64
2026-01-30,36.64,37.5,35.6,36.5,1579929.0,57762204.24
2026-02-02,36.0,36.0,34.11,34.18,1998819.0,70103579.38
2026-02-03,34.26,34.95,33.98,34.62,937971.0,32315445.88
2026-02-04,34.72,35.18,33.8,34.07,1104601.0,38045219.94
2026-02-05,34.07,34.38,33.39,33.5,970484.0,32836326.14
2026-02-06,33.86,34.59,33.46,33.95,680369.0,23108733.09
2026-02-09,34.11,34.59,33.82,33.96,646867.0,22071102.04
2026-02-10,34.0,34.18,33.37,33.5,645091.0,21779884.89
2026-02-11,33.53,33.99,33.33,33.45,541590.0,18183884.25
2026-02-12,33.65,33.65,33.04,33.11,743708.0,24811958.15
2026-02-13,33.45,33.45,32.38,32.4,712958.0,23470577.36
2026-02-24,32.9,34.3,32.66,33.79,1091929.0,36484077.71
2026-02-25,33.8,34.77,33.25,33.8,1029830.0,34916386.15
2026-02-26,33.73,34.05,32.72,32.92,909121.0,30323730.96
2026-02-27,33.22,33.68,32.92,33.27,487220.0,16211027.45
2026-03-02,37.57,39.0,34.0,35.08,3478464.0,126659570.4
2026-03-03,36.07,42.0,34.21,40.26,8404982.0,320523988.57
2026-03-04,39.0,39.0,34.01,35.52,4695232.0,173171894.24
2026-03-05,35.0,36.77,34.23,35.55,3450462.0,122103224.02
2026-03-06,35.18,36.41,34.6,35.66,2784026.0,98728522.02
2026-03-09,38.39,38.48,34.99,35.03,3109652.0,114194195.57
2026-03-10,33.5,34.5,33.2,33.91,2329633.0,78689178.66
2026-03-11,33.95,35.12,33.6,34.4,1972713.0,67599942.73
2026-03-12,35.0,35.5,33.74,33.85,1561647.0,53911958.56
2026-03-13,33.6,35.0,33.6,34.08,1310272.0,44640967.04
2026-03-16,34.64,35.44,34.15,34.7,1768596.0,61427760.57
2026-03-17,34.35,35.17,33.99,34.88,2118922.0,73309403.9
2026-03-18,34.53,34.55,32.8,33.58,1922153.0,65093711.34
2026-03-19,33.98,34.74,33.07,33.36,1186946.0,40103937.98
2026-03-20,32.89,33.05,31.0,31.0,1784506.0,57077424.41
2026-03-23,30.4,31.19,29.2,29.79,1464270.0,44140419.15
2026-03-24,29.96,31.7,29.74,31.38,1472883.0,45210143.69
2026-03-25,31.28,32.22,30.91,31.55,1072626.0,33776992.74
2026-03-26,31.5,31.7,30.48,30.62,507846.0,15781314.45
2026-03-27,30.43,31.37,30.43,31.05,806480.0,24855713.6
2026-03-30,30.86,31.66,30.72,31.26,707625.0,22024828.12
2026-03-31,31.28,31.44,30.24,30.26,870624.0,26819572.32
2026-04-01,31.38,32.02,30.82,30.83,882309.0,27583185.11
2026-04-02,30.64,31.96,30.58,31.69,1208204.0,37717108.37
2026-04-03,31.8,31.88,31.2,31.52,708621.0,22392423.6
2026-04-07,31.31,32.26,31.31,31.8,702563.0,22250170.21
2026-04-08,32.03,32.5,31.62,31.83,1624427.0,51973541.87
2026-04-09,31.63,31.63,30.32,30.44,1119868.0,34721507.34
2026-04-10,30.65,30.72,30.0,30.51,774641.0,23603311.27
2026-04-13,30.45,30.59,29.98,30.06,782338.0,23681371.26
2026-04-14,30.12,30.64,29.85,30.13,950742.0,28698147.27
2026-04-15,30.27,30.95,30.1,30.75,1056907.0,32254159.37
2026-04-16,30.73,31.08,30.3,30.87,710546.0,21845736.77
2026-04-17,30.99,32.6,30.24,31.91,1979049.0,62211405.31
2026-04-20,31.65,32.65,31.55,32.11,1332109.0,42614166.91
2026-04-21,32.12,32.91,31.69,32.18,747129.0,24076232.03
2026-04-22,32.03,32.68,31.86,32.34,765586.0,24672922.82
2026-04-23,34.9,34.9,32.82,33.4,1657371.0,56358900.85
2026-04-24,33.32,33.69,32.33,32.36,906610.0,29850134.25
2026-04-27,32.29,33.25,31.84,32.8,744882.0,24242184.69
2026-04-28,32.87,32.87,31.27,31.67,1001266.0,32210727.22
2026-04-29,30.18,30.9,29.11,29.94,1806665.0,54258666.61
2026-04-30,30.03,30.03,29.0,29.7,915489.0,27180868.41
2026-05-06,29.78,29.8,29.2,29.43,1233107.0,36441394.62
2026-05-07,29.49,30.98,29.46,30.33,1209305.0,36357754.82
2026-05-08,30.32,30.6,29.88,30.25,810460.0,24526545.75
2026-05-11,30.68,30.68,29.54,29.86,847702.0,25592123.38
2026-05-12,29.86,30.15,29.26,29.59,554646.0,16481305.89
2026-05-13,29.35,29.79,29.2,29.59,665377.0,19616977.4
2026-05-14,29.59,30.0,29.31,29.67,714249.0,21172125.98
2026-05-15,29.35,30.54,29.32,29.67,860714.0,25580420.08
2026-05-18,29.56,30.09,29.1,29.67,845628.0,25034816.94
2026-05-19,29.66,30.17,29.66,30.05,582900.0,17419966.5
2026-05-20,29.98,30.1,29.58,29.62,369112.0,11006919.84
2026-05-21,30.77,34.9,30.01,33.54,4597634.0,148526566.37
2026-05-22,33.0,33.97,32.5,33.55,2051198.0,68212589.49
2026-05-25,33.36,34.66,32.1,32.88,2072136.0,68898522.0
2026-05-26,32.22,32.86,30.18,30.25,1830981.0,57451606.33
2026-05-27,30.25,30.75,29.71,29.85,748907.0,22572056.98
2026-05-28,29.66,29.94,28.03,28.54,1543742.0,44834127.04
2026-05-29,28.69,29.25,28.28,28.41,663907.0,19025914.85
2026-06-01,28.21,29.11,27.45,28.05,872669.0,24613629.15
2026-06-02,28.0,28.25,27.28,28.0,579225.0,16150241.06
2026-06-03,28.01,28.06,27.52,28.06,527636.0,14727639.85
2026-06-04,27.67,28.33,27.5,28.1,703063.0,19615457.7
2026-06-05,28.5,29.4,28.03,29.06,939372.0,27004596.57
2026-06-08,28.0,29.57,27.92,28.83,750432.0,21447346.56
2026-06-09,28.63,29.65,28.18,29.4,697508.0,20203319.22
2026-06-10,29.03,31.18,29.03,31.05,1794829.0,53974995.1
2026-06-11,25.8,25.8,23.6,24.05,1489951.0,36969409.19
2026-06-12,24.4,24.6,23.68,23.95,1076801.0,26012820.16
2026-06-15,24.0,24.8,23.92,24.16,794188.0,19235233.36
2026-06-16,24.3,24.3,22.88,23.75,957528.0,22796347.86
2026-06-17,23.56,26.59,23.31,25.28,2322417.0,57328863.65
2026-06-18,25.21,25.89,24.01,25.33,2324536.0,58369098.96
2026-06-22,25.16,25.71,24.77,25.3,1099982.0,27758045.77
2026-06-23,25.49,26.3,25.0,25.36,1135512.0,28998137.7
2026-06-24,25.01,25.67,24.07,24.42,895862.0,22210658.64
2026-06-25,24.31,24.44,23.67,24.32,1205028.0,29143602.18
2026-06-26,24.14,24.48,23.2,23.99,632775.0,15156543.19
2026-06-29,23.76,23.79,22.91,23.08,529151.0,12374196.13
2026-06-30,23.12,23.49,22.7,23.04,1079796.0,24929790.15
2026-07-01,22.92,23.24,22.57,23.04,567106.0,13010829.41
2026-07-02,22.8,23.21,22.51,22.97,587945.0,13447772.01
2026-07-03,22.82,22.98,22.28,22.67,883264.0,20039052.0
2026-07-06,22.26,22.61,21.81,22.03,531439.0,11785988.42
2026-07-07,22.11,22.19,21.22,21.24,433529.0,9403244.01
2026-07-08,21.25,21.54,20.61,21.35,563457.0,11938245.19
2026-07-09,21.34,21.51,20.51,21.51,660593.0,14016131.98
2026-07-10,21.44,22.39,21.28,22.27,936942.0,20467497.99
2026-07-13,22.04,22.59,20.81,21.6,736182.0,16019320.32
2026-07-14,21.87,21.99,20.94,21.73,703301.0,15214158.88
2026-07-15,21.6,22.46,21.46,22.1,738957.0,16186853.09
2026-07-16,22.12,22.52,21.12,21.82,714686.0,15648049.97
2026-07-17,21.53,21.84,20.62,21.3,591315.0,12608314.09
2026-07-20,21.2,21.42,19.11,21.2,1112945.0,23074132.21
2026-07-21,20.96,21.0,19.5,21.0,939623.0,19370328.15
2026-07-22,21.02,21.02,20.33,20.78,559384.0,11628194.9
2026-07-23,20.96,20.96,20.17,20.58,471392.0,9742494.16
2026-07-24,20.5,20.5,19.77,20.0,437779.0,8839852.46
2026-07-27,19.67,20.26,19.0,19.48,1162886.0,22795472.82
2026-07-28,19.17,19.33,18.71,18.95,533410.0,10156126.4
2026-07-29,18.8,20.21,17.09,20.21,3287652.0,62720181.03
2026-07-30,19.25,20.2,18.88,19.63,1835395.0,35771848.55
2026-07-31,19.53,20.31,19.48,19.71,953827.0,18845236.95
2026-08-03,19.44,19.64,19.03,19.11,939105.0,18129422.02
2026-08-04,19.29,19.5,18.96,19.2,630486.0,12128974.42
2026-08-05,19.23,19.86,19.0,19.65,1115365.0,21677118.77
2026-08-06,19.47,19.89,19.19,19.28,708947.0,13794336.25
2026-08-07,19.35,19.62,18.88,19.33,639604.0,12341159.18
2026-08-10,19.64,19.71,19.24,19.49,668569.0,13050466.88
2026-08-11,19.31,19.66,19.23,19.5,570567.0,11083263.97
2026-08-12,19.37,19.49,19.04,19.31,529766.0,10225808.22
2026-08-13,19.29,19.29,18.65,19.0,652964.0,12443861.43
2026-08-14,18.97,19.0,18.26,19.0,795291.0,14957435.48
2026-08-17,18.91,18.92,18.42,18.53,831361.0,15542293.89
2026-08-18,18.33,18.57,18.0,18.16,1034875.0,18901991.88
2026-08-19,18.14,18.14,17.35,17.82,958036.0,17112918.05
2026-08-20,17.78,17.85,17.59,17.63,416615.0,7379293.19
2026-08-21,17.63,18.33,17.49,18.29,844167.0,15140135.14
2026-08-24,18.26,18.26,17.52,17.76,656206.0,11778897.7
2026-08-25,17.73,17.97,17.37,17.89,418188.0,7418655.12
2026-08-26,17.86,18.88,17.79,18.17,1438117.0,26137776.47
2026-08-27,18.1,18.2,17.65,17.98,1287906.0,23159769.65
2026-08-28,17.85,18.88,17.68,18.71,1825814.0,33375879.92
2026-08-31,18.88,18.88,18.05,18.15,1046983.0,19358715.67
2026-09-01,18.21,18.7,18.02,18.51,1236354.0,22699459.44
2026-09-02,18.86,19.19,18.51,18.58,1402365.0,26343426.52
2026-09-03,18.59,18.6,17.94,18.21,1010951.0,18535786.59
2026-09-04,18.2,18.3,17.95,18.3,757665.0,13780032.19
2026-09-07,18.24,18.26,17.7,17.88,881355.0,15882017.1
2026-09-08,17.8,17.93,17.59,17.79,897030.0,15946950.82
2026-09-09,17.75,17.75,17.21,17.54,1287272.0,22607714.5
2026-09-10,17.5,17.59,16.83,16.89,1066184.0,18341030.26
2026-09-11,16.88,16.97,16.0,16.94,2007318.0,33517192.3
2026-09-14,16.78,17.07,16.54,16.67,729454.0,12229296.31
2026-09-15,16.54,16.8,16.4,16.43,557154.0,9216720.04
2026-09-16,16.39,16.51,16.25,16.44,479757.0,7866815.41
2026-09-17,16.33,16.5,16.22,16.28,440394.0,7192735.0
2026-09-18,16.31,16.55,16.27,16.33,674636.0,11040418.14
2026-09-21,16.33,17.44,16.33,16.95,1368668.0,22942297.35
2026-09-22,16.9,17.22,16.62,16.79,1136885.0,19193461.01
2026-09-23,16.86,17.42,16.68,16.81,1136696.0,19258471.98
2026-09-24,16.85,16.9,16.47,16.68,536686.0,8976073.35
2026-09-28,16.74,16.74,16.03,16.21,333485.0,5479158.55
2026-09-29,16.23,16.5,16.04,16.05,501174.0,8121524.67
2026-09-30,16.17,16.67,16.05,16.34,828203.0,13505920.42
